Redirect from,Redirect to
/products/click-fit-13-mm-1-2-inch-straight-hose-tail-for-delavan-7800-pumps-3dfa13,/
/products/audex-as2-220tc-2-inch-50-mm-submersible-pump-415v-2-2-kw-no-float-switch-550-lpm-26-m-head,/
/products/click-fit-10-mm-3-8-inch-straight-hose-tail-for-delavan-7800-pumps-3dfa38,/
/products/delavan-600211-qd-cross-fitting-for-atv-sprayers,/
/products/ketta-r1j400-10ml-10-mm-3-8-inch-grey-water-blaster-hose-276-bar-4000-psi-3-8-inch-male-female-swivels-ends-121-c,/
/products/delavan-tractor-female-six-spline-pto-coupler-for-5-8-inch-shaft,/
/products/delavan-12v-dc-motor-for-7800-pumps-m12-78b,/
/products/amt-4906-95-cast-iron-straight-centrifugal-pedestal-pump-1-1-2-inch-inlet-1-1-4-inch-outlet,/
/products/40-mm-camlock-hook-cap-for-towing-k-lines,/
/products/ketta-400-litre-bare-aluminium-tank-with-anti-surge-baffles-1579-x-460-x-610-mm-l-x-w-x-h,/
/products/macnaught-afp12a-12v-diesel-pump-kit-3-4-inch-bsp-f-including-hose-and-nozzle-kit-40-lpm,/
/products/hose-tail-steel-1-1-2-inch-bsp-m,/
/products/liverani-ep-50-bronze-electric-pump-1-5-kw-2-hp-1400-rpm-230-lpm,/
/products/condor-wash-down-pump-nc-40-250a-20-hp-700-lpm-91-m-head,/
/products/condor-hc551-30-6-inch-150-mm-enclosed-cabinet-pump-hatz-48-hp-diesel-5916-lpm-33-m-head,/
/products/condor-hc522-17-4-inch-100-mm-enclosed-cabinet-pump-hatz-10-2-hp-diesel-1533-lpm-15-m-head,/
/products/nr-series-honda-adaptor-for-61100-and-21100-reduction-gearbox-8-13-hp,/
/products/albin-alx-series-high-volume-peristaltic-hose-pump,/
/products/bia-ipresspro-240v-auto-restart-pump-controller-16-amps-9-8-bar-2-2-kw,/
/products/condor-hc488-25-whisper-pump-fully-enclosed-electric-trash-cabinet-pump-4667-lpm-28-m-head,/
/products/green-batchman-10-batch-control-25-mm-flow-meter-1-inch-bsp-m-10-100-lpm-flow-range-5-bar-72-psi,/
/products/condor-cl-series-zd900-diesel-and-electric-wellpoint-dewatering-pump-hatz-supra-diesel-and-5-5-kw-electric-1583-lpm-20-m-head,/
/products/delavan-12v-dc-motor-for-5850-and-5950-pumps-m12-58b,/
/products/condor-cl-series-zd900-electric-wellpoint-dewatering-pump-5-5-kw-electric-1583-lpm-20-m-head,/
/products/mp-hydrasub-20-2-inch-npt-f-hydraulic-driven-submersible-pump-1100-lpm-23-m-head,/
/products/drain-camera,/
/products/click-fit-10-mm-3-8-hose-tail-elbow-for-delavan-7800-pumps-3dfe38,/
/products/mounting-bracket-for-ketta-f211-hand-operated-priming-pump,/
/products/albin-alp-series-low-pressure-peristaltic-hose-pump,/
/products/condor-submersible-fountain-pump-and-filter-230v-gr2500f-40-lpm-2-4-m-head,/
/products/ketta-sk30005vh-hot-n-cold-skid-water-blaster-120-degrees-c-207-bar-3000-psi-19-lpm,/
/products/leather-cup-seal-for-ketta-cast-iron-classic-hand-pump,/
/products/kubota-oc60-diesel-engine-4-5-kw-6-1-hp-3600-rpm-1-inch-keyed-shaft-electric-and-recoil-start,/
/products/mobydick-mdk-conline-4-m-truck-wheel-washing-system-with-20-000-litre-water-recycling-tank,/
/products/groz-ffs-spin-on-water-block-fuel-filter-1-inch-bsp-f-10-micron-3-45-bar-50-psi-75-lpm,/
/products/lower-housing-with-santoprene-diaphragm-for-delavan-5850-and-5950-pumps-lha-5850,/
/products/geco-mini-250-hose-reel-1-inch-bsp-for-20-m-x-25-mm-hose-52-bar-750-psi,/
/products/groz-ff-ffs-10-wb-spin-on-water-block-fuel-filter-cartridge-10-micron-1-1-2-inch-unf-thread,/
/products/mp-hydrasub-30-3-inch-npt-f-hydraulic-driven-submersible-pump-1500-lpm-33-m-head,/
/products/condor-400-litre-aluminium-diesel-fuel-tank-bare-includes-3-lifting-eyes,/
/products/geco-mini-250-hose-reel-3-4-inch-bsp-for-20-m-x-19-mm-hose-52-bar-750-psi,/
/products/condor-2-pole-pressure-switch-12-bar-174-psi-250v,/
/products/groz-ff-ffs-10-spin-on-replacement-fuel-filter-cartridge-10-micron-1-1-2-inch-unf-thread,/
/products/ketta-large-anti-surge-baffle-ball-for-tanks-355-mm-diameter,/
/products/adam-ft60ta-water-block-fuel-filter-25-micron-1-inch-bsp-f-ports-60-lpm-12-bar-174-psi,/
/products/nr-series-61100-reduction-gearbox-1-inch-shaft-6-1-gear-reduction-16-hp,/
/products/geco-mini-150-hose-reel-3-8-inch-bsp-for-60-m-x-10-mm-hose-69-bar-1000-psi,/
/products/condor-submersible-fountain-pump-and-filter-230v-15-lpm-0-5-m-head-gr900f,/
/products/condor-cl-series-zd900-diesel-wellpoint-dewatering-pump-hatz-supra-diesel-1583-lpm-20-m-head,/
/products/click-fit-13-mm-1-2-inch-hose-tail-elbow-for-delavan-7800-pumps-3dfe12,/
/products/blue-super-service-non-marking-water-blaster-hose-60-m-197-ft-x-10-mm-3-8-inch-two-wire,/
/products/albin-alh-series-high-pressure-peristaltic-hose-pump,/
/products/kubota-oc95-diesel-engine-7-0-kw-9-5-hp-3600-rpm-1-inch-keyed-shaft-electric-and-recoil-start,/
/products/ketta-200-litre-aluminium-diesel-fuel-tank-bare-includes-3-lifting-eyes,/